{
  "id": "",
  "name": "",
  "font_family": "iconfont",
  "css_prefix_text": "icon-",
  "description": "",
  "glyphs": [
    {
      "icon_id": "1306",
      "name": "购物车空",
      "font_class": "gouwuchekong",
      "unicode": "f0179",
      "unicode_decimal": 983417
    },
    {
      "icon_id": "5030",
      "name": "购物车满",
      "font_class": "gouwucheman",
      "unicode": "344b",
      "unicode_decimal": 13387
    },
    {
      "icon_id": "34926",
      "name": "vip",
      "font_class": "vip",
      "unicode": "e6c3",
      "unicode_decimal": 59075
    },
    {
      "icon_id": "112500",
      "name": "房子",
      "font_class": "home",
      "unicode": "e620",
      "unicode_decimal": 58912
    },
    {
      "icon_id": "182591",
      "name": "团购",
      "font_class": "tuangou",
      "unicode": "e614",
      "unicode_decimal": 58900
    },
    {
      "icon_id": "337153",
      "name": "视频",
      "font_class": "shipin",
      "unicode": "e60a",
      "unicode_decimal": 58890
    },
    {
      "icon_id": "338974",
      "name": "主页团购",
      "font_class": "zhuyetuangou",
      "unicode": "e643",
      "unicode_decimal": 58947
    },
    {
      "icon_id": "351760",
      "name": "加号",
      "font_class": "jiahao",
      "unicode": "e615",
      "unicode_decimal": 58901
    },
    {
      "icon_id": "485763",
      "name": "收 藏",
      "font_class": "shoucang",
      "unicode": "e60f",
      "unicode_decimal": 58895
    },
    {
      "icon_id": "485766",
      "name": "搜索",
      "font_class": "sousuo",
      "unicode": "e612",
      "unicode_decimal": 58898
    },
    {
      "icon_id": "538878",
      "name": "搜索",
      "font_class": "sousuo1",
      "unicode": "e61c",
      "unicode_decimal": 58908
    },
    {
      "icon_id": "604640",
      "name": "热门",
      "font_class": "remen",
      "unicode": "e624",
      "unicode_decimal": 58916
    },
    {
      "icon_id": "606303",
      "name": "更多",
      "font_class": "gengduomore10",
      "unicode": "e61e",
      "unicode_decimal": 58910
    },
    {
      "icon_id": "648765",
      "name": "房子",
      "font_class": "fangzi",
      "unicode": "e616",
      "unicode_decimal": 58902
    },
    {
      "icon_id": "688102",
      "name": "视频 播放 影片",
      "font_class": "shipinbofangyingpian",
      "unicode": "e78f",
      "unicode_decimal": 59279
    },
    {
      "icon_id": "690713",
      "name": "拼团-团购成功",
      "font_class": "pintuantuangouchenggong",
      "unicode": "e627",
      "unicode_decimal": 58919
    },
    {
      "icon_id": "693985",
      "name": "自驾游",
      "font_class": "car",
      "unicode": "e61b",
      "unicode_decimal": 58907
    },
    {
      "icon_id": "716712",
      "name": "照相机",
      "font_class": "zhaoxiangji",
      "unicode": "e653",
      "unicode_decimal": 58963
    },
    {
      "icon_id": "774519",
      "name": "信用卡",
      "font_class": "xinyongqia",
      "unicode": "e6a7",
      "unicode_decimal": 59047
    },
    {
      "icon_id": "783875",
      "name": "团购",
      "font_class": "tuangou1",
      "unicode": "e631",
      "unicode_decimal": 58929
    },
    {
      "icon_id": "797263",
      "name": "我",
      "font_class": "wo",
      "unicode": "e626",
      "unicode_decimal": 58918
    },
    {
      "icon_id": "853083",
      "name": "房子",
      "font_class": "fangzi1",
      "unicode": "e6d3",
      "unicode_decimal": 59091
    },
    {
      "icon_id": "872577",
      "name": "我",
      "font_class": "wo1",
      "unicode": "e6c4",
      "unicode_decimal": 59076
    },
    {
      "icon_id": "933711",
      "name": "团购",
      "font_class": "tuangou2",
      "unicode": "e630",
      "unicode_decimal": 58928
    },
    {
      "icon_id": "974910",
      "name": "搜索",
      "font_class": "sousuo2",
      "unicode": "e6c6",
      "unicode_decimal": 59078
    },
    {
      "icon_id": "1028377",
      "name": "保险销售",
      "font_class": "baoxianxiaoshou",
      "unicode": "e63f",
      "unicode_decimal": 58943
    },
    {
      "icon_id": "1046183",
      "name": "我",
      "font_class": "wo2",
      "unicode": "e60b",
      "unicode_decimal": 58891
    },
    {
      "icon_id": "1069397",
      "name": "优惠券",
      "font_class": "youhuiquan",
      "unicode": "e645",
      "unicode_decimal": 58949
    },
    {
      "icon_id": "1089283",
      "name": "我",
      "font_class": "buoumaotubiao03",
      "unicode": "e602",
      "unicode_decimal": 58882
    },
    {
      "icon_id": "1111320",
      "name": "叉",
      "font_class": "cha",
      "unicode": "e605",
      "unicode_decimal": 58885
    },
    {
      "icon_id": "1128774",
      "name": "圈子",
      "font_class": "quanzi",
      "unicode": "e7bb",
      "unicode_decimal": 59323
    },
    {
      "icon_id": "1156028",
      "name": "车巴巴-油耗2",
      "font_class": "typecar1122",
      "unicode": "e628",
      "unicode_decimal": 58920
    },
    {
      "icon_id": "1236838",
      "name": "视频",
      "font_class": "01",
      "unicode": "e60e",
      "unicode_decimal": 58894
    },
    {
      "icon_id": "1263298",
      "name": "车辆",
      "font_class": "cheliang",
      "unicode": "e625",
      "unicode_decimal": 58917
    },
    {
      "icon_id": "1265484",
      "name": "加号",
      "font_class": "jiahao1",
      "unicode": "e604",
      "unicode_decimal": 58884
    },
    {
      "icon_id": "1380051",
      "name": "团购",
      "font_class": "icon-test",
      "unicode": "e629",
      "unicode_decimal": 58921
    },
    {
      "icon_id": "1490628",
      "name": "购物车",
      "font_class": "gouwuche",
      "unicode": "e64f",
      "unicode_decimal": 58959
    },
    {
      "icon_id": "1621112",
      "name": "收藏",
      "font_class": "collection",
      "unicode": "e704",
      "unicode_decimal": 59140
    },
    {
      "icon_id": "1703525",
      "name": "信用卡",
      "font_class": "xinyongqia1",
      "unicode": "e640",
      "unicode_decimal": 58944
    },
    {
      "icon_id": "2023640",
      "name": "订单",
      "font_class": "dingdan",
      "unicode": "e637",
      "unicode_decimal": 58935
    },
    {
      "icon_id": "2119418",
      "name": "订单",
      "font_class": "order_icon",
      "unicode": "e667",
      "unicode_decimal": 58983
    },
    {
      "icon_id": "2225236",
      "name": "圈子",
      "font_class": "quanzi1",
      "unicode": "e674",
      "unicode_decimal": 58996
    },
    {
      "icon_id": "2273360",
      "name": "照相机",
      "font_class": "shumajiadian",
      "unicode": "e689",
      "unicode_decimal": 59017
    },
    {
      "icon_id": "2418237",
      "name": "草稿",
      "font_class": "caogao",
      "unicode": "e66b",
      "unicode_decimal": 58987
    },
    {
      "icon_id": "2507438",
      "name": "热门",
      "font_class": "remen1",
      "unicode": "e646",
      "unicode_decimal": 58950
    },
    {
      "icon_id": "2852393",
      "name": "首页",
      "font_class": "shouye",
      "unicode": "e66a",
      "unicode_decimal": 58986
    },
    {
      "icon_id": "3092331",
      "name": "信用卡",
      "font_class": "xinyongqia2",
      "unicode": "e797",
      "unicode_decimal": 59287
    },
    {
      "icon_id": "3861434",
      "name": "车",
      "font_class": "che",
      "unicode": "e617",
      "unicode_decimal": 58903
    },
    {
      "icon_id": "4197851",
      "name": "热门",
      "font_class": "remen2",
      "unicode": "e679",
      "unicode_decimal": 59001
    },
    {
      "icon_id": "4406738",
      "name": "首页",
      "font_class": "shouye1",
      "unicode": "e603",
      "unicode_decimal": 58883
    },
    {
      "icon_id": "4608883",
      "name": "游戏",
      "font_class": "youxi",
      "unicode": "e606",
      "unicode_decimal": 58886
    },
    {
      "icon_id": "4734143",
      "name": "历史",
      "font_class": "ic_history",
      "unicode": "e60c",
      "unicode_decimal": 58892
    },
    {
      "icon_id": "5121502",
      "name": "论坛",
      "font_class": "luntan",
      "unicode": "e641",
      "unicode_decimal": 58945
    },
    {
      "icon_id": "5203287",
      "name": "旗帜",
      "font_class": "qizhi",
      "unicode": "e632",
      "unicode_decimal": 58930
    },
    {
      "icon_id": "5269217",
      "name": "购物车",
      "font_class": "gouwuche1",
      "unicode": "e622",
      "unicode_decimal": 58914
    },
    {
      "icon_id": "5270579",
      "name": "照片-发表评价",
      "font_class": "zhaopian",
      "unicode": "e610",
      "unicode_decimal": 58896
    },
    {
      "icon_id": "5270852",
      "name": "收 藏-产品详情",
      "font_class": "shoucang1",
      "unicode": "e613",
      "unicode_decimal": 58899
    },
    {
      "icon_id": "5324398",
      "name": "照相机",
      "font_class": "zhaoxiangji1",
      "unicode": "e60d",
      "unicode_decimal": 58893
    },
    {
      "icon_id": "5485655",
      "name": "视频",
      "font_class": "shipin1",
      "unicode": "e618",
      "unicode_decimal": 58904
    },
    {
      "icon_id": "5831361",
      "name": "收藏",
      "font_class": "shoucang2",
      "unicode": "e666",
      "unicode_decimal": 58982
    },
    {
      "icon_id": "5861482",
      "name": "VIP",
      "font_class": "VIP",
      "unicode": "e633",
      "unicode_decimal": 58931
    },
    {
      "icon_id": "5881137",
      "name": "车辆",
      "font_class": "cheliang1",
      "unicode": "e62a",
      "unicode_decimal": 58922
    },
    {
      "icon_id": "6049374",
      "name": "车",
      "font_class": "che1",
      "unicode": "e61d",
      "unicode_decimal": 58909
    },
    {
      "icon_id": "6170675",
      "name": "更多",
      "font_class": "gengduo",
      "unicode": "e619",
      "unicode_decimal": 58905
    },
    {
      "icon_id": "6253651",
      "name": "我的团购",
      "font_class": "wodetuangou",
      "unicode": "e61a",
      "unicode_decimal": 58906
    },
    {
      "icon_id": "6268307",
      "name": "发表文章",
      "font_class": "fabiaowenzhang",
      "unicode": "e648",
      "unicode_decimal": 58952
    },
    {
      "icon_id": "6446176",
      "name": "订单",
      "font_class": "tianchongxing-",
      "unicode": "e636",
      "unicode_decimal": 58934
    },
    {
      "icon_id": "6548533",
      "name": "发表",
      "font_class": "fabiao",
      "unicode": "e654",
      "unicode_decimal": 58964
    },
    {
      "icon_id": "7550240",
      "name": "优惠券",
      "font_class": "youhuiquan1",
      "unicode": "e692",
      "unicode_decimal": 59026
    },
    {
      "icon_id": "7674923",
      "name": "更多",
      "font_class": "xiaoxiguanli-quanbux",
      "unicode": "e71d",
      "unicode_decimal": 59165
    },
    {
      "icon_id": "7843972",
      "name": "收藏",
      "font_class": "lujing",
      "unicode": "e621",
      "unicode_decimal": 58913
    },
    {
      "icon_id": "7898821",
      "name": "营销工具-团购秒杀",
      "font_class": "yingxiaogongju-tuangoumiaosha",
      "unicode": "e522",
      "unicode_decimal": 58658
    },
    {
      "icon_id": "8027271",
      "name": "保险",
      "font_class": "baoxian",
      "unicode": "e61f",
      "unicode_decimal": 58911
    },
    {
      "icon_id": "8152224",
      "name": "历史",
      "font_class": "lishi",
      "unicode": "e623",
      "unicode_decimal": 58915
    },
    {
      "icon_id": "8159861",
      "name": "首页",
      "font_class": "shouye2",
      "unicode": "e63b",
      "unicode_decimal": 58939
    },
    {
      "icon_id": "8288816",
      "name": "VIP",
      "font_class": "VIP1",
      "unicode": "e83d",
      "unicode_decimal": 59453
    },
    {
      "icon_id": "8289055",
      "name": "VIP",
      "font_class": "VIP2",
      "unicode": "e876",
      "unicode_decimal": 59510
    },
    {
      "icon_id": "8922352",
      "name": "游戏",
      "font_class": "youxi1",
      "unicode": "e611",
      "unicode_decimal": 58897
    },
    {
      "icon_id": "9231468",
      "name": "VIP",
      "font_class": "VIP3",
      "unicode": "e67d",
      "unicode_decimal": 59005
    },
    {
      "icon_id": "9231540",
      "name": "视频",
      "font_class": "shipin2",
      "unicode": "e68d",
      "unicode_decimal": 59021
    },
    {
      "icon_id": "9704589",
      "name": "热门",
      "font_class": "remen3",
      "unicode": "e647",
      "unicode_decimal": 58951
    },
    {
      "icon_id": "9810505",
      "name": "游戏",
      "font_class": "youxi2",
      "unicode": "e635",
      "unicode_decimal": 58933
    },
    {
      "icon_id": "10043617",
      "name": "客服",
      "font_class": "xinbaniconshangchuan-",
      "unicode": "e62b",
      "unicode_decimal": 58923
    },
    {
      "icon_id": "10232778",
      "name": "论坛",
      "font_class": "luntan1",
      "unicode": "e78d",
      "unicode_decimal": 59277
    },
    {
      "icon_id": "10622219",
      "name": "圈子",
      "font_class": "dilanxianxingiconyihuifu_huabanfuben",
      "unicode": "e607",
      "unicode_decimal": 58887
    },
    {
      "icon_id": "10885283",
      "name": "更多",
      "font_class": "gengduo1",
      "unicode": "e62c",
      "unicode_decimal": 58924
    },
    {
      "icon_id": "10885623",
      "name": "收藏",
      "font_class": "shoucang3",
      "unicode": "e62d",
      "unicode_decimal": 58925
    },
    {
      "icon_id": "10886154",
      "name": "vip",
      "font_class": "vip1",
      "unicode": "e62e",
      "unicode_decimal": 58926
    },
    {
      "icon_id": "11124966",
      "name": "论坛",
      "font_class": "14",
      "unicode": "e62f",
      "unicode_decimal": 58927
    },
    {
      "icon_id": "11177625",
      "name": "旗帜",
      "font_class": "ziyuan",
      "unicode": "e634",
      "unicode_decimal": 58932
    },
    {
      "icon_id": "11239049",
      "name": "团购",
      "font_class": "tuangou3",
      "unicode": "e649",
      "unicode_decimal": 58953
    },
    {
      "icon_id": "11304103",
      "name": "客服",
      "font_class": "kefu",
      "unicode": "e638",
      "unicode_decimal": 58936
    },
    {
      "icon_id": "11800275",
      "name": "照相机",
      "font_class": "zhaoxiangji2",
      "unicode": "e639",
      "unicode_decimal": 58937
    },
    {
      "icon_id": "11855571",
      "name": "叉",
      "font_class": "cha1",
      "unicode": "e609",
      "unicode_decimal": 58889
    },
    {
      "icon_id": "12175512",
      "name": "草稿箱",
      "font_class": "caogaoxiang",
      "unicode": "e63a",
      "unicode_decimal": 58938
    },
    {
      "icon_id": "12183229",
      "name": "优惠券",
      "font_class": "youhuiquan-copy",
      "unicode": "e608",
      "unicode_decimal": 58888
    },
    {
      "icon_id": "12280899",
      "name": "车",
      "font_class": "maimaiche",
      "unicode": "e63c",
      "unicode_decimal": 58940
    },
    {
      "icon_id": "12319704",
      "name": "保险业务",
      "font_class": "baoxianyewu",
      "unicode": "e63d",
      "unicode_decimal": 58941
    },
    {
      "icon_id": "12685017",
      "name": "车",
      "font_class": "icon_huabanfuben",
      "unicode": "e63e",
      "unicode_decimal": 58942
    },
    {
      "icon_id": "12751546",
      "name": "订单",
      "font_class": "dingdan_huaban",
      "unicode": "e642",
      "unicode_decimal": 58946
    },
    {
      "icon_id": "12760939",
      "name": "VIP",
      "font_class": "VIP4",
      "unicode": "e644",
      "unicode_decimal": 58948
    },
    {
      "icon_id": "13625317",
      "name": "客服",
      "font_class": "kefu1",
      "unicode": "e64a",
      "unicode_decimal": 58954
    },
    {
      "icon_id": "13645694",
      "name": "历史",
      "font_class": "lishi1",
      "unicode": "e64b",
      "unicode_decimal": 58955
    },
    {
      "icon_id": "14035207",
      "name": "更多",
      "font_class": "gengduo2",
      "unicode": "e64c",
      "unicode_decimal": 58956
    }
  ]
}
